run_id	method	method_specific_params	dataset	num_given_topics	reduced	topic_num	topic_size	topic_words	word_scores	num_detected_topics	num_final_topics	duration_secs	diversity_unique	diversity_inv_rbo	coherence_npmi	coherence_v	rand_index
1658692839	nmf	{}	ag_news_short	4	False	0	60333	"['in', 'for', '39', 'of', 'AP', 'US', 'the', 'Iraq', 'AFP', ""'s""]"	"[0.44554121 0.23159732 0.0669292  0.05622811 0.04938139 0.04344033
 0.03816724 0.03071221 0.0195002  0.01850278]"	4	4	235.66	0.575	0.6982791985214285	0.018805502398702535	0.3974315794548714	0.581676764671336
1658692839	nmf	{}	ag_news_short	4	False	1	4201	['gt', 'lt', '...', '/b', 'of', '39', 'and', 'with', 'the', 'as']	"[0.30034563 0.30017184 0.14963424 0.14857191 0.02897116 0.0280311
 0.01263967 0.01105349 0.01060888 0.00997207]"	4	4	235.66	0.575	0.6982791985214285	0.018805502398702535	0.3974315794548714	0.581676764671336
1658692839	nmf	{}	ag_news_short	4	False	2	36408	['on', '39', 'of', 'Oil', 'Reuters', 'Stocks', 'the', 'as', 'Up', 'US']	"[0.40581656 0.27626038 0.06306761 0.05257969 0.04807463 0.0399907
 0.03657564 0.0323488  0.02420952 0.02107646]"	4	4	235.66	0.575	0.6982791985214285	0.018805502398702535	0.3974315794548714	0.581676764671336
1658692839	nmf	{}	ag_news_short	4	False	3	26658	"['to', '39', 'AP', 'Reuters', 'US', 'of', ""'s"", 'AFP', 'with', 'the']"	"[0.77675947 0.06668439 0.04002598 0.02435155 0.01725726 0.01651017
 0.01578954 0.0157035  0.01363757 0.01328057]"	4	4	235.66	0.575	0.6982791985214285	0.018805502398702535	0.3974315794548714	0.581676764671336
