run_id	method	method_specific_params	dataset	num_given_topics	reduced	topic_num	topic_size	topic_words	word_scores	num_detected_topics	num_final_topics	duration_secs	diversity_unique	diversity_inv_rbo	coherence_npmi	coherence_v	rand_index
1658691673	nmf	{}	crisis_01	4	False	0	16153	['rt', 'earthquake', 'nepal', 'flood', 'amp', 'people', 'help', 'california', 'chile', 'india']	"[0.48307025 0.11658101 0.09354027 0.06314191 0.05455558 0.04858542
 0.04269091 0.0331995  0.0326108  0.03202435]"	4	4	37.63	0.825	0.8781446509642857	0.08902578413825311	0.49154532635230347	0.5223327252160308
1658691673	nmf	{}	crisis_01	4	False	1	1288	['ebola', 'symptom', 'patient', 'like', 'treatment', 'disease', 'new', 'question', 'hospital', 'amp']	"[0.36854595 0.1556839  0.10080655 0.07112283 0.07108935 0.05293806
 0.05198283 0.04968845 0.039834   0.03830807]"	4	4	37.63	0.825	0.8781446509642857	0.08902578413825311	0.49154532635230347	0.5223327252160308
1658691673	nmf	{}	crisis_01	4	False	2	1987	['disease', 'rt', 'prevention', 'first', 'mers', 'control', 'amp', 'infectious', 'day', 'time']	"[0.35301988 0.21128215 0.07715658 0.07463285 0.05388629 0.04975318
 0.04839508 0.04650801 0.04385113 0.04151486]"	4	4	37.63	0.825	0.8781446509642857	0.08902578413825311	0.49154532635230347	0.5223327252160308
1658691673	nmf	{}	crisis_01	4	False	3	1086	['mers', 'virus', 'disease', 'deadly', 'case', 'spread', 'saudi', 'middle', 'rt', 'eastern']	"[0.19044403 0.17423394 0.15168246 0.09490453 0.09377469 0.08368142
 0.06611315 0.06252787 0.04215487 0.04048304]"	4	4	37.63	0.825	0.8781446509642857	0.08902578413825311	0.49154532635230347	0.5223327252160308
