run_id	method	method_specific_params	dataset	num_given_topics	reduced	topic_num	topic_size	topic_words	word_scores	num_detected_topics	num_final_topics	duration_secs	diversity_unique	diversity_inv_rbo	coherence_npmi	coherence_v	rand_index
1658691958	nmf	{}	crisis_12	4	False	0	875	['it', 'flood', 'on', 'was', 'my', 'and', 'you', 'but', 'me', 'https']	"[0.22772067 0.13754431 0.11944827 0.09318165 0.0830814  0.07702757
 0.0716052  0.06722299 0.06480629 0.05836164]"	4	4	23.95	0.6	0.8141006893535714	0.01632648738350445	0.480322807002743	0.6858997999749968
1658691958	nmf	{}	crisis_12	4	False	1	4345	['https', 'the', 'in', 'of', 'flood', 'and', 'Debbie', 'is', 'for', 'to']	"[0.26687773 0.20498054 0.11366076 0.10159849 0.07370915 0.06716905
 0.04952142 0.04295312 0.04017108 0.03935867]"	4	4	23.95	0.6	0.8141006893535714	0.01632648738350445	0.480322807002743	0.6858997999749968
1658691958	nmf	{}	crisis_12	4	False	2	987	['to', 'my', 'and', 'the', 'that', 'earthquake', 'is', 'felt', 'Debbie', 'an']	"[0.43546418 0.09838612 0.08032341 0.07870903 0.05912814 0.0583403
 0.05061551 0.05024917 0.04756686 0.04121729]"	4	4	23.95	0.6	0.8141006893535714	0.01632648738350445	0.480322807002743	0.6858997999749968
1658691958	nmf	{}	crisis_12	4	False	3	1793	['earthquake', 'just', 'an', 'that', 'was', 'in', 'my', 'or', 'there', 'it']	"[0.33747051 0.1437338  0.11413471 0.09493095 0.08798431 0.04914342
 0.04855187 0.04625261 0.04161146 0.03618636]"	4	4	23.95	0.6	0.8141006893535714	0.01632648738350445	0.480322807002743	0.6858997999749968
