run_id	method	method_specific_params	dataset	num_given_topics	reduced	topic_num	topic_size	topic_words	word_scores	num_detected_topics	num_final_topics	duration_secs	diversity_unique	diversity_inv_rbo	coherence_npmi	coherence_v	rand_index
1658691733	nmf	{}	crisis_01	4	False	0	2771	['for', '...', 'http', 'in', 'and', 'The', 'MERS', 'is', 'Ebola', 'of']	"[0.16955238 0.16813218 0.16647251 0.1030154  0.08848478 0.08228521
 0.07267773 0.06724576 0.0509492  0.03118484]"	4	4	67.64	0.6	0.7396380189035714	-0.008406147685283843	0.3880710212623422	0.5863776115913358
1658691733	nmf	{}	crisis_01	4	False	1	2518	['the', 'of', 'RT', 'Ebola', 'to', 'disease', 'on', 'is', 'are', 'with']	"[0.46224442 0.1561516  0.06961365 0.06904428 0.06571603 0.04004487
 0.03933978 0.0355516  0.03201414 0.03027962]"	4	4	67.64	0.6	0.7396380189035714	-0.008406147685283843	0.3880710212623422	0.5863776115913358
1658691733	nmf	{}	crisis_01	4	False	2	5427	"['in', 'to', 'RT', 'and', 'Nepal', 'the', 'amp', ""'s"", 'is', 'India']"	"[0.26108372 0.24526673 0.10198088 0.09954974 0.08227958 0.05191831
 0.04186319 0.04143581 0.03888469 0.03573735]"	4	4	67.64	0.6	0.7396380189035714	-0.008406147685283843	0.3880710212623422	0.5863776115913358
1658691733	nmf	{}	crisis_01	4	False	3	9798	"['http', 'RT', 'of', 'earthquake', 'in', 'Nepal', 'California', 'Earthquake', 'to', ""'s""]"	"[0.38090993 0.21836172 0.1174471  0.07147513 0.05685463 0.0395789
 0.03246597 0.03165922 0.02682736 0.02442003]"	4	4	67.64	0.6	0.7396380189035714	-0.008406147685283843	0.3880710212623422	0.5863776115913358
