run_id	method	method_specific_params	dataset	num_given_topics	reduced	topic_num	topic_size	topic_words	word_scores	num_detected_topics	num_final_topics	duration_secs	diversity_unique	diversity_inv_rbo	coherence_npmi	coherence_v	rand_index
1658692581	nmf	{}	ag_news_short	4	False	0	33059	['reuters', 'profit', 'cut', 'new', 'job', 'sale', 'rise', 'plan', 'report', 'share']	"[0.44622565 0.13094716 0.08792819 0.08229015 0.05250093 0.05086263
 0.04253785 0.03872992 0.03439874 0.03357877]"	4	4	183.09	0.8	0.9042034671678572	0.06677844757990739	0.4484688294907183	0.5309727291226646
1658692581	nmf	{}	ag_news_short	4	False	1	78180	['update', 'ap', 'say', 'deal', 'buy', 'microsoft', 'win', 'sale', 'profit', 'may']	"[0.28248757 0.24730795 0.17660656 0.06625155 0.05189447 0.04033065
 0.03675351 0.03583529 0.03133596 0.0311965 ]"	4	4	183.09	0.8	0.9042034671678572	0.06677844757990739	0.4484688294907183	0.5309727291226646
1658692581	nmf	{}	ag_news_short	4	False	2	13552	['stock', 'oil', 'open', 'fall', 'higher', 'price', 'lower', 'new', 'rise', 'end']	"[0.41756143 0.15150772 0.07363192 0.0609822  0.06060296 0.0535852
 0.05296184 0.04794036 0.04069954 0.04052683]"	4	4	183.09	0.8	0.9042034671678572	0.06677844757990739	0.4484688294907183	0.5309727291226646
1658692581	nmf	{}	ag_news_short	4	False	3	2809	['gt', 'lt', 'oil', 'price', 'new', 'say', 'high', 'iraq', 'world', 'first']	"[0.43725363 0.43677188 0.04661212 0.03174297 0.01196345 0.00906964
 0.00702391 0.00664309 0.00662011 0.00629919]"	4	4	183.09	0.8	0.9042034671678572	0.06677844757990739	0.4484688294907183	0.5309727291226646
